Category,Name,File,Vol,Mass,URL,Choline,Cholesterol,Phosphorus,Calcium,Vitamin C,Vitamin B12,Sodium,Potassium,Magnesium,Fiber,Iron
meat,Bacon,bacon,4 oz,113,https://www.nutritionvalue.org/Pork%2C_unprepared%2C_bacon%2C_cured_nutritional_value.html?size=100+g,FALSE,FALSE,FALSE,FALSE,FALSE,FALSE,TRUE,FALSE,FALSE,FALSE,FALSE
meat,Beef Liver,liver,4 oz,113,https://www.nutritionvalue.org/Beef%2C_raw%2C_liver%2C_variety_meats_and_by-products_nutritional_value.html?size=100+g,TRUE,TRUE,TRUE,FALSE,FALSE,TRUE,FALSE,TRUE,FALSE,FALSE,TRUE
meat,Bologna,bologna,1 slice,30,https://www.nutritionvalue.org/Bologna%2C_beef_nutritional_value.html?size=100+g,FALSE,FALSE,FALSE,FALSE,FALSE,FALSE,FALSE,FALSE,FALSE,FALSE,FALSE
meat,Chicken Breast<br>(Boneless & Skinless),chicken-breast,4 oz,113,https://www.nutritionvalue.org/Chicken%2C_raw%2C_meat_only%2C_boneless%2C_skinless%2C_breast%2C_broiler_or_fryers_nutritional_value.html?size=100+g,TRUE,TRUE,TRUE,FALSE,FALSE,TRUE,FALSE,TRUE,TRUE,FALSE,TRUE
meat,Chicken Liver,chicken-liver,4 oz,113,https://www.nutritionvalue.org/Chicken%2C_raw%2C_all_classes%2C_liver_nutritional_value.html?size=100%20g,TRUE,FALSE,TRUE,FALSE,FALSE,TRUE,FALSE,FALSE,FALSE,FALSE,FALSE
meat,Chicken Thighs<br>(Boneless & Skinless),chicken-thighs,4 oz,113,https://www.nutritionvalue.org/Chicken%2C_raw%2C_meat_only%2C_thigh%2C_dark_meat%2C_broilers_or_fryers_nutritional_value.html?size=100+g,TRUE,TRUE,TRUE,FALSE,FALSE,TRUE,FALSE,FALSE,FALSE,FALSE,TRUE
meat,Eggs,eggs,1 egg,50,https://www.nutritionvalue.org/Eggs%2C_egg_whole%2C_Large%2C_Grade_A_748967_nutritional_value.html?size=100+g,TRUE,TRUE,FALSE,FALSE,FALSE,TRUE,FALSE,FALSE,FALSE,FALSE,TRUE
meat,Egg Whites,egg-whites,3 tbsp,46,https://www.nutritionvalue.org/Egg%2C_fresh%2C_raw%2C_white_nutritional_value.html?size=100+g,FALSE,FALSE,FALSE,FALSE,FALSE,FALSE,FALSE,FALSE,FALSE,FALSE,FALSE
meat,Ground Beef<br>(93% Lean),ground-beef,4 oz,113,https://www.nutritionvalue.org/Beef%2C_raw%2C_93%25_lean_meat_%252F_7%25_fat%2C_ground_nutritional_value.html?size=100+g,TRUE,TRUE,TRUE,FALSE,FALSE,TRUE,FALSE,TRUE,FALSE,FALSE,TRUE
meat,Ground Turkey<br>(93% Lean),ground-turkey,4 oz,113,https://www.nutritionvalue.org/Turkey%2C_raw%2C_7%25_fat%2C_93%25_lean%2C_ground_nutritional_value.html?size=100+g,TRUE,TRUE,TRUE,FALSE,FALSE,TRUE,FALSE,FALSE,FALSE,FALSE,TRUE
meat,Ham,ham,4 oz,113,https://www.nutritionvalue.org/Pork%2C_raw%2C_separable_lean_only%2C_whole%2C_leg_%28ham%29%2C_fresh_nutritional_value.html?size=100+g,FALSE,FALSE,FALSE,FALSE,FALSE,FALSE,TRUE,FALSE,FALSE,FALSE,FALSE
meat,Hot Dogs,hot-dogs,1 hot dog,57,https://www.nutritionvalue.org/Hot_dog%2C_beef_25210210_nutritional_value.html?size=100+g,FALSE,FALSE,FALSE,FALSE,FALSE,FALSE,FALSE,FALSE,FALSE,FALSE,FALSE
meat,Human,human,4 oz,113,https://www.highlandernews.org/wp-content/uploads/2016/02/ops.meme_.nba_.jpg,FALSE,FALSE,FALSE,FALSE,FALSE,FALSE,FALSE,FALSE,FALSE,FALSE,FALSE
meat,Lamb,lamb,4 oz,113,https://www.nutritionvalue.org/Lamb%2C_raw%2C_choice%2C_trimmed_to_1%252F4%22_fat%2C_separable_lean_only%2C_shank_half%2C_leg_nutritional_value.html?size=100+g,FALSE,FALSE,FALSE,FALSE,FALSE,FALSE,FALSE,FALSE,FALSE,FALSE,FALSE
meat,Pepperoni,pepperoni,1 oz,28,https://www.nutritionvalue.org/Pepperoni%2C_sliced%2C_beef_and_pork_nutritional_value.html?size=100+g,FALSE,FALSE,FALSE,FALSE,FALSE,FALSE,FALSE,FALSE,FALSE,FALSE,FALSE
meat,Pork Liver,pork-liver,4 oz,113,https://www.nutritionvalue.org/Pork%2C_raw%2C_liver%2C_variety_meats_and_by-products%2C_fresh_nutritional_value.html?size=100%20g,TRUE,FALSE,TRUE,FALSE,FALSE,TRUE,FALSE,FALSE,FALSE,FALSE,FALSE
meat,Pork Tenderloin,pork-tenderloin,4 oz,113,https://www.nutritionvalue.org/Pork%2C_raw%2C_separable_lean_only%2C_tenderloin%2C_loin%2C_fresh_nutritional_value.html?size=100%20g,TRUE,TRUE,TRUE,FALSE,FALSE,TRUE,FALSE,TRUE,TRUE,FALSE,TRUE
meat,Salami,salami,1 oz,28,https://www.nutritionvalue.org/Salami%2C_pork%2C_Italian_nutritional_value.html?size=100+g,FALSE,FALSE,FALSE,FALSE,FALSE,FALSE,FALSE,FALSE,FALSE,FALSE,FALSE
meat,Sausage,sausage,4 oz,113,https://www.nutritionvalue.org/Sausage%2C_raw%2C_mild%2C_pork%2C_Italian_nutritional_value.html?size=100+g,FALSE,FALSE,FALSE,FALSE,FALSE,FALSE,FALSE,FALSE,FALSE,FALSE,FALSE
meat,Spam,spam,2 oz,56,https://www.nutritionvalue.org/Luncheon_meat%2C_canned%2C_pork_nutritional_value.html?size=100+g,FALSE,FALSE,FALSE,FALSE,FALSE,FALSE,FALSE,FALSE,FALSE,FALSE,FALSE
meat,Steak,steak,4 oz,113,https://www.nutritionvalue.org/Beef%2C_raw%2C_choice%2C_trimmed_to_1%252F8%22_fat%2C_separable_lean_only%2C_steak%2C_top_sirloin_nutritional_value.html?size=100+g,FALSE,FALSE,FALSE,FALSE,FALSE,FALSE,FALSE,FALSE,FALSE,FALSE,FALSE
meat,Turkey Breast,turkey-breast,4 oz,113,https://www.nutritionvalue.org/Turkey%2C_raw%2C_meat_only%2C_breast%2C_whole_nutritional_value.html?size=100+g,FALSE,FALSE,FALSE,FALSE,FALSE,FALSE,FALSE,FALSE,FALSE,FALSE,FALSE
meat,Veal,veal,4 oz,113,https://www.nutritionvalue.org/Veal%2C_raw%2C_separable_lean_only%2C_loin_nutritional_value.html?size=100+g,FALSE,FALSE,FALSE,FALSE,FALSE,FALSE,FALSE,FALSE,FALSE,FALSE,FALSE
meat,Venison,venison,4 oz,113,https://www.nutritionvalue.org/Game_meat%2C_raw%2C_deer_nutritional_value.html?size=100+g,TRUE,FALSE,TRUE,FALSE,FALSE,TRUE,FALSE,FALSE,FALSE,FALSE,TRUE
fish,Anchovies<br>(Canned),anchovy,1.6 oz,45,https://www.nutritionvalue.org/Anchovy%2C_canned_26101180_nutritional_value.html?size=100+g,TRUE,TRUE,FALSE,TRUE,FALSE,TRUE,TRUE,TRUE,TRUE,FALSE,TRUE
fish,Clams<br>(Canned),clam,3 oz,85,https://www.nutritionvalue.org/Clams%2C_canned_26303180_nutritional_value.html?size=100+g,TRUE,TRUE,TRUE,FALSE,FALSE,TRUE,TRUE,FALSE,FALSE,FALSE,TRUE
fish,Cod,cod,3 oz,85,https://www.nutritionvalue.org/Fish%2C_raw%2C_Atlantic%2C_cod_nutritional_value.html?size=100+g,TRUE,FALSE,TRUE,FALSE,FALSE,TRUE,FALSE,TRUE,TRUE,FALSE,FALSE
fish,Crab<br>(Canned),crab,3 oz,85,https://www.nutritionvalue.org/Crab%2C_canned_26305180_nutritional_value.html?size=100+g,TRUE,TRUE,TRUE,TRUE,FALSE,TRUE,FALSE,FALSE,FALSE,FALSE,TRUE
fish,Cuttlefish,cuttlefish,3 oz,85,https://www.nutritionvalue.org/Mollusks%2C_raw%2C_mixed_species%2C_cuttlefish_nutritional_value.html?size=100+g,TRUE,FALSE,TRUE,TRUE,FALSE,TRUE,FALSE,TRUE,FALSE,FALSE,TRUE
fish,Haddock,haddock,3 oz,85,https://www.nutritionvalue.org/Fish%2C_raw%2C_haddock_nutritional_value.html?size=100+g,TRUE,FALSE,TRUE,FALSE,FALSE,TRUE,FALSE,FALSE,FALSE,FALSE,TRUE
fish,Halibut,halibut,3 oz,85,https://www.nutritionvalue.org/Halibut%2C_raw_26118000_nutritional_value.html?size=100%20g,TRUE,FALSE,TRUE,FALSE,FALSE,TRUE,FALSE,TRUE,FALSE,FALSE,TRUE
fish,Herring,herring,3 oz,85,https://www.nutritionvalue.org/Fish%2C_raw%2C_Atlantic%2C_herring_nutritional_value.html?size=100+g,TRUE,FALSE,TRUE,FALSE,FALSE,TRUE,FALSE,TRUE,FALSE,FALSE,TRUE
fish,Lobster,lobster,3 oz,85,https://www.nutritionvalue.org/Crustaceans%2C_raw%2C_northern%2C_lobster_nutritional_value.html?size=100+g,TRUE,TRUE,TRUE,FALSE,FALSE,TRUE,TRUE,FALSE,TRUE,FALSE,FALSE
fish,Mackerel<br>(Canned),mackerel,3 oz,85,https://www.nutritionvalue.org/Fish%2C_drained_solids%2C_canned%2C_jack%2C_mackerel_nutritional_value.html?size=100+g,TRUE,TRUE,TRUE,TRUE,FALSE,TRUE,TRUE,FALSE,TRUE,FALSE,TRUE
fish,Mahi<br>Mahi,mahi-mahi,3 oz,85,https://www.nutritionvalue.org/Fish%2C_raw%2C_mahimahi_nutritional_value.html?size=100%20g,TRUE,TRUE,FALSE,FALSE,FALSE,FALSE,FALSE,TRUE,FALSE,FALSE,FALSE
fish,Mussels,mussel,3 oz,85,https://www.nutritionvalue.org/Mussels%2C_raw_26313100_nutritional_value.html?size=100+g,TRUE,TRUE,TRUE,FALSE,FALSE,TRUE,FALSE,TRUE,TRUE,FALSE,TRUE
fish,Octopus,octopus,3 oz,85,https://www.nutritionvalue.org/Mollusks%2C_raw%2C_common%2C_octopus_nutritional_value.html?size=100+g,TRUE,FALSE,TRUE,FALSE,FALSE,TRUE,FALSE,TRUE,TRUE,FALSE,TRUE
fish,Oysters,oyster,3 oz,85,https://www.nutritionvalue.org/Oysters%2C_raw_26315100_nutritional_value.html?size=100+g,TRUE,FALSE,FALSE,FALSE,FALSE,TRUE,FALSE,FALSE,FALSE,FALSE,TRUE
fish,Salmon,salmon,3 oz,85,https://www.nutritionvalue.org/Fish%2C_raw%2C_wild%2C_Atlantic%2C_salmon_nutritional_value.html?size=100+g,TRUE,TRUE,TRUE,FALSE,FALSE,TRUE,FALSE,TRUE,TRUE,FALSE,TRUE
fish,Sardines<br>(Canned),sardine,3 oz,85,https://www.nutritionvalue.org/Sardines%2C_packed_in_water%2C_boneless%2C_skinless_26139190_nutritional_value.html?size=100+g,TRUE,TRUE,TRUE,TRUE,FALSE,TRUE,FALSE,TRUE,TRUE,FALSE,TRUE
fish,Scallops,scallop,3 oz,85,https://www.nutritionvalue.org/Mollusks%2C_raw%2C_mixed_species%2C_scallop_nutritional_value.html?size=100+g,TRUE,TRUE,TRUE,FALSE,FALSE,TRUE,FALSE,FALSE,FALSE,FALSE,TRUE
fish,Shrimp,shrimp,3 oz,85,https://www.nutritionvalue.org/Crustaceans%2C_raw_%28may_contain_additives_to_retain_moisture%29%2C_mixed_species%2C_shrimp_nutritional_value.html?size=100+g,TRUE,TRUE,TRUE,FALSE,FALSE,TRUE,TRUE,FALSE,FALSE,FALSE,TRUE
fish,Squid,squid,3 oz,85,https://www.nutritionvalue.org/Squid%2C_raw_26213100_nutritional_value.html?size=100+g,TRUE,TRUE,TRUE,FALSE,FALSE,TRUE,FALSE,FALSE,TRUE,FALSE,FALSE
fish,Tilapia,tilapia,3 oz,85,https://www.nutritionvalue.org/Fish%2C_raw%2C_tilapia_nutritional_value.html?size=100+g,TRUE,TRUE,TRUE,FALSE,FALSE,TRUE,FALSE,FALSE,FALSE,FALSE,TRUE
fish,Trout,trout,3 oz,85,https://www.nutritionvalue.org/Fish%2C_raw%2C_wild%2C_rainbow%2C_trout_nutritional_value.html?size=100+g,FALSE,FALSE,FALSE,FALSE,FALSE,FALSE,FALSE,FALSE,FALSE,FALSE,FALSE
fish,Tuna<br>(Canned),tuna,4 oz,113,https://www.nutritionvalue.org/Fish%2C_drained_solids%2C_canned_in_water%2C_light%2C_tuna_nutritional_value.html?size=100+g,TRUE,TRUE,TRUE,FALSE,FALSE,TRUE,TRUE,FALSE,FALSE,FALSE,TRUE
beans,Baked Beans,baked-beans,1/2 cup,130,https://www.nutritionvalue.org/Baked_beans_41201010_nutritional_value.html?size=100+g,FALSE,FALSE,FALSE,FALSE,FALSE,FALSE,FALSE,FALSE,FALSE,FALSE,FALSE
beans,Black Beans,black-beans,1/4 cup,50,https://www.nutritionvalue.org/Beans%2C_raw%2C_mature_seeds%2C_black_nutritional_value.html?size=100+g,TRUE,FALSE,TRUE,FALSE,FALSE,FALSE,FALSE,TRUE,TRUE,TRUE,TRUE
beans,Black Eyed Peas,black-eyed-peas,1/4 cup,50,https://www.nutritionvalue.org/Cowpeas%2C_raw%2C_mature_seeds%2C_common_%28blackeyes%2C_crowder%2C_southern%29_nutritional_value.html?size=100+g,FALSE,FALSE,FALSE,FALSE,FALSE,FALSE,FALSE,FALSE,FALSE,FALSE,FALSE
beans,Brown Lentils,brown-lentils,1/4 cup,50,https://www.nutritionvalue.org/Lentils%2C_raw_nutritional_value.html?size=100+g,FALSE,FALSE,FALSE,FALSE,FALSE,FALSE,FALSE,FALSE,FALSE,FALSE,FALSE
beans,Cannellini Beans,cannellini-beans,1/4 cup,50,https://www.nutritionvalue.org/Beans%2C_raw%2C_mature_seeds%2C_all_types%2C_kidney_nutritional_value.html?size=100+g,FALSE,FALSE,FALSE,FALSE,FALSE,FALSE,FALSE,FALSE,FALSE,FALSE,FALSE
beans,Chickpeas,chickpeas,1/4 cup,50,https://www.nutritionvalue.org/Chickpeas_%28garbanzo_beans%2C_bengal_gram%29%2C_raw%2C_mature_seeds_nutritional_value.html?size=100+g,TRUE,FALSE,TRUE,FALSE,FALSE,FALSE,FALSE,FALSE,FALSE,TRUE,TRUE
beans,Edamame<br>(Frozen),edamame,3/4 cup,85,https://www.nutritionvalue.org/Edamame%2C_unprepared%2C_frozen_nutritional_value.html?size=100+g,TRUE,FALSE,TRUE,FALSE,FALSE,FALSE,FALSE,FALSE,FALSE,TRUE,TRUE
beans,Fava Beans,fava-beans,1/4 cup,50,https://www.nutritionvalue.org/Broadbeans_%28fava_beans%29%2C_raw%2C_mature_seeds_nutritional_value.html?size=100+g,FALSE,FALSE,FALSE,FALSE,FALSE,FALSE,FALSE,FALSE,FALSE,FALSE,FALSE
beans,Great Northern Beans,great-northern-beans,1/4 cup,50,https://www.nutritionvalue.org/Beans%2C_raw%2C_mature_seeds%2C_great_northern_nutritional_value.html?size=100+g,FALSE,FALSE,FALSE,FALSE,FALSE,FALSE,FALSE,FALSE,FALSE,FALSE,FALSE
beans,Green Lentils,green-lentils,1/4 cup,50,https://www.nutritionvalue.org/Lentils%2C_raw_nutritional_value.html?size=100+g,TRUE,FALSE,TRUE,FALSE,FALSE,FALSE,FALSE,FALSE,FALSE,TRUE,TRUE
beans,Jelly Beans,jelly-beans,1 oz,28,https://www.nutritionvalue.org/Candies%2C_jellybeans_nutritional_value.html?size=100+g,FALSE,FALSE,FALSE,FALSE,FALSE,FALSE,FALSE,FALSE,FALSE,FALSE,FALSE
beans,Kidney Beans,kidney-beans,1/4 cup,50,https://www.nutritionvalue.org/Beans%2C_raw%2C_mature_seeds%2C_red%2C_kidney_nutritional_value.html?size=100+g,TRUE,FALSE,TRUE,FALSE,FALSE,FALSE,FALSE,TRUE,TRUE,TRUE,TRUE
beans,Lima Beans,lima-beans,1/4 cup,50,https://www.nutritionvalue.org/Lima_beans%2C_raw%2C_mature_seeds%2C_large_nutritional_value.html?size=100+g,TRUE,FALSE,TRUE,FALSE,FALSE,FALSE,FALSE,TRUE,FALSE,TRUE,TRUE
beans,Lupini Beans,lupini-beans,1/4 cup,50,https://www.nutritionvalue.org/Lupins%2C_raw%2C_mature_seeds_nutritional_value.html?size=100+g,FALSE,FALSE,FALSE,FALSE,FALSE,FALSE,FALSE,FALSE,FALSE,FALSE,FALSE
beans,Navy Beans,navy-beans,1/4 cup,50,https://www.nutritionvalue.org/Beans%2C_raw%2C_mature_seeds%2C_navy_nutritional_value.html?size=100+g,TRUE,FALSE,TRUE,TRUE,FALSE,FALSE,FALSE,TRUE,TRUE,TRUE,TRUE
beans,Pink Beans,pink-beans,1/4 cup,50,https://www.nutritionvalue.org/Beans%2C_raw%2C_mature_seeds%2C_pink_nutritional_value.html?size=100+g,FALSE,FALSE,FALSE,FALSE,FALSE,FALSE,FALSE,FALSE,FALSE,FALSE,FALSE
beans,Pinto Beans,pinto-beans,1/4 cup,50,https://www.nutritionvalue.org/Beans%2C_raw%2C_mature_seeds%2C_pinto_nutritional_value.html?size=100+g,TRUE,FALSE,TRUE,FALSE,FALSE,FALSE,FALSE,TRUE,TRUE,TRUE,TRUE
beans,Red Lentils,red-lentils,1/4 cup,50,https://www.nutritionvalue.org/Lentils%2C_raw%2C_pink_or_red_nutritional_value.html?size=100+g,TRUE,FALSE,TRUE,FALSE,FALSE,FALSE,FALSE,FALSE,FALSE,TRUE,TRUE
beans,Refried Beans,refried-beans,1/2 cup,130,https://www.nutritionvalue.org/Refried_beans_41205010_nutritional_value.html?size=100+g,FALSE,FALSE,FALSE,FALSE,FALSE,FALSE,FALSE,FALSE,FALSE,FALSE,FALSE
beans,Soybeans,soybeans,1/4 cup,50,https://www.nutritionvalue.org/Soybeans%2C_raw%2C_mature_seeds_nutritional_value.html?size=100+g,TRUE,FALSE,TRUE,TRUE,FALSE,FALSE,FALSE,TRUE,TRUE,TRUE,TRUE
beans,Tofu,tofu,3 oz,85,https://www.nutritionvalue.org/Tofu%2C_prepared_with_calcium_sulfate%2C_regular%2C_raw_nutritional_value.html?size=100+g,TRUE,FALSE,FALSE,TRUE,FALSE,FALSE,FALSE,FALSE,FALSE,TRUE,TRUE
veggies,Acorn Squash,acorn-squash,1 cup,140,https://www.nutritionvalue.org/Squash%2C_raw%2C_acorn%2C_winter_nutritional_value.html?size=100+g,FALSE,FALSE,FALSE,FALSE,FALSE,FALSE,FALSE,FALSE,FALSE,FALSE,FALSE
veggies,Artichoke,artichoke,1 cup,150,https://www.nutritionvalue.org/Artichoke%2C_raw_75100750_nutritional_value.html?size=100+g,TRUE,FALSE,FALSE,FALSE,FALSE,FALSE,FALSE,FALSE,TRUE,TRUE,FALSE
veggies,Arugula,arugula,1 cup,20,https://www.nutritionvalue.org/Arugula%2C_raw_nutritional_value.html?size=100+g,TRUE,FALSE,FALSE,TRUE,FALSE,FALSE,FALSE,FALSE,FALSE,TRUE,FALSE
veggies,Asparagus,asparagus,1 cup,134,https://www.nutritionvalue.org/Asparagus%2C_raw_nutritional_value.html?size=100+g,TRUE,FALSE,FALSE,FALSE,FALSE,FALSE,FALSE,FALSE,FALSE,TRUE,FALSE
veggies,Beet,beets,1 cup,136,https://www.nutritionvalue.org/Beets%2C_raw_nutritional_value.html?size=100+g,TRUE,FALSE,FALSE,FALSE,FALSE,FALSE,FALSE,TRUE,FALSE,TRUE,FALSE
veggies,Beet Greens,beet-greens,1 cup,38,https://www.nutritionvalue.org/Beet_greens%2C_raw_nutritional_value.html?size=100+g,TRUE,FALSE,FALSE,FALSE,FALSE,FALSE,FALSE,TRUE,FALSE,TRUE,FALSE
veggies,Bell Pepper,pepper,1 medium,119,https://www.nutritionvalue.org/Peppers%2C_raw%2C_red%2C_sweet_nutritional_value.html?size=100+g,TRUE,FALSE,FALSE,FALSE,TRUE,FALSE,FALSE,FALSE,FALSE,TRUE,FALSE
veggies,Bok Choy,bok-choy,1 cup,70,https://www.nutritionvalue.org/Cabbage%2C_raw%2C_chinese_%28bok_choy%29_nutritional_value.html?size=100+g,FALSE,FALSE,FALSE,FALSE,FALSE,FALSE,FALSE,FALSE,FALSE,FALSE,FALSE
veggies,Broccoli,broccoli,1 cup,91,https://www.nutritionvalue.org/Broccoli%2C_raw_nutritional_value.html?size=100+g,TRUE,FALSE,FALSE,FALSE,TRUE,FALSE,FALSE,FALSE,FALSE,TRUE,TRUE
veggies,Brussel Sprout,brussel-sprout,1 cup,88,https://www.nutritionvalue.org/Brussels_sprouts%2C_raw_nutritional_value.html?size=100+g,TRUE,FALSE,FALSE,FALSE,TRUE,FALSE,FALSE,FALSE,FALSE,TRUE,FALSE
veggies,Butternut Squash,butternut-squash,1 cup,140,https://www.nutritionvalue.org/Squash%2C_raw%2C_butternut%2C_winter_nutritional_value.html?size=100+g,TRUE,FALSE,FALSE,FALSE,FALSE,FALSE,FALSE,FALSE,FALSE,TRUE,FALSE
veggies,Cabbage,cabbage,1 cup,89,https://www.nutritionvalue.org/Cabbage%2C_raw_nutritional_value.html?size=100+g,TRUE,FALSE,FALSE,FALSE,TRUE,FALSE,FALSE,FALSE,FALSE,TRUE,FALSE
veggies,Carrot,carrots,3 oz,85,https://www.nutritionvalue.org/Carrots%2C_raw_nutritional_value.html?size=100+g,TRUE,FALSE,FALSE,FALSE,FALSE,FALSE,FALSE,FALSE,FALSE,TRUE,FALSE
veggies,Cauliflower,cauliflower,1 cup,107,https://www.nutritionvalue.org/Cauliflower%2C_raw_nutritional_value.html?size=100+g,TRUE,FALSE,FALSE,FALSE,TRUE,FALSE,FALSE,FALSE,FALSE,TRUE,FALSE
veggies,Celery,celery,1 cup,101,https://www.nutritionvalue.org/Celery%2C_raw_nutritional_value.html?size=100+g,FALSE,FALSE,FALSE,FALSE,FALSE,FALSE,FALSE,FALSE,FALSE,FALSE,FALSE
veggies,Collard Green,collard-green,1 cup,36,https://www.nutritionvalue.org/Collards%2C_raw_nutritional_value.html?size=100+g,TRUE,FALSE,FALSE,TRUE,FALSE,FALSE,FALSE,FALSE,FALSE,TRUE,FALSE
veggies,Cucumber,cucumber,1 cup,104,https://www.nutritionvalue.org/Cucumber%2C_raw%2C_with_peel_nutritional_value.html?size=100+g,FALSE,FALSE,FALSE,FALSE,FALSE,FALSE,FALSE,FALSE,FALSE,FALSE,FALSE
veggies,Eggplant,eggplant,1 cup,82,https://www.nutritionvalue.org/Eggplant%2C_raw_nutritional_value.html?size=100+g,FALSE,FALSE,FALSE,FALSE,FALSE,FALSE,FALSE,FALSE,FALSE,FALSE,FALSE
veggies,Fennel,fennel,1 cup,87,https://www.nutritionvalue.org/Fennel%2C_raw%2C_bulb_nutritional_value.html?size=100+g,FALSE,FALSE,FALSE,FALSE,FALSE,FALSE,FALSE,FALSE,FALSE,FALSE,FALSE
veggies,Garlic,garlic,1 clove,3,https://www.nutritionvalue.org/Garlic%2C_raw_nutritional_value.html?size=100+g,FALSE,FALSE,FALSE,FALSE,FALSE,FALSE,FALSE,FALSE,FALSE,FALSE,FALSE
veggies,Ginger,ginger,1/4 cup,24,https://www.nutritionvalue.org/Ginger_root%2C_raw_nutritional_value.html?size=100+g,FALSE,FALSE,FALSE,FALSE,FALSE,FALSE,FALSE,FALSE,FALSE,FALSE,FALSE
veggies,Green Bean,green-bean,1 cup,100,https://www.nutritionvalue.org/Beans%2C_raw%2C_green%2C_snap_nutritional_value.html?size=100+g,FALSE,FALSE,FALSE,FALSE,FALSE,FALSE,FALSE,FALSE,FALSE,FALSE,FALSE
veggies,Kale,kale,1 cup,21,https://www.nutritionvalue.org/Kale%2C_raw_nutritional_value.html?size=100+g,TRUE,FALSE,FALSE,TRUE,TRUE,FALSE,FALSE,FALSE,FALSE,TRUE,TRUE
veggies,Kohlrabi,kohlrabi,1 cup,135,https://www.nutritionvalue.org/Kohlrabi%2C_raw_nutritional_value.html?size=100+g,FALSE,FALSE,FALSE,FALSE,FALSE,FALSE,FALSE,FALSE,FALSE,FALSE,FALSE
veggies,Lettuce,lettuce,1 cup,47,https://www.nutritionvalue.org/Lettuce%2C_raw%2C_cos_or_romaine_nutritional_value.html?size=100+g,FALSE,FALSE,FALSE,FALSE,FALSE,FALSE,FALSE,FALSE,FALSE,FALSE,FALSE
veggies,Mustard Green,mustard-greens,1 cup,56,https://www.nutritionvalue.org/Mustard_greens%2C_raw_nutritional_value.html?size=100+g,FALSE,FALSE,FALSE,FALSE,FALSE,FALSE,FALSE,FALSE,FALSE,FALSE,FALSE
veggies,Onion,onion,1 cup,160,https://www.nutritionvalue.org/Onions%2C_raw_nutritional_value.html?size=100+g,FALSE,FALSE,FALSE,FALSE,FALSE,FALSE,FALSE,FALSE,FALSE,FALSE,FALSE
veggies,Parsnip,parsnips,1 cup,133,https://www.nutritionvalue.org/Parsnips%2C_raw_nutritional_value.html?size=100+g,TRUE,FALSE,FALSE,FALSE,FALSE,FALSE,FALSE,TRUE,FALSE,TRUE,FALSE
veggies,Pea,pea,1 cup,145,https://www.nutritionvalue.org/Peas%2C_raw%2C_green_nutritional_value.html?size=100+g,TRUE,FALSE,FALSE,FALSE,TRUE,FALSE,FALSE,FALSE,FALSE,TRUE,FALSE
veggies,Plantain,plantain,1 cup,148,https://www.nutritionvalue.org/Plantains%2C_raw%2C_yellow_nutritional_value.html?size=100+g,FALSE,FALSE,FALSE,FALSE,FALSE,FALSE,FALSE,FALSE,FALSE,FALSE,FALSE
veggies,Potato,potato,1 small,170,https://www.nutritionvalue.org/Potatoes%2C_raw%2C_flesh_and_skin_nutritional_value.html?size=100+g,TRUE,FALSE,FALSE,FALSE,TRUE,FALSE,FALSE,TRUE,FALSE,TRUE,TRUE
veggies,Pumpkin,pumpkin,1 cup,116,https://www.nutritionvalue.org/Pumpkin%2C_raw_nutritional_value.html?size=100+g,FALSE,FALSE,FALSE,FALSE,FALSE,FALSE,FALSE,FALSE,FALSE,FALSE,FALSE
veggies,Radicchio,radicchio,1 cup,40,https://www.nutritionvalue.org/Radicchio%2C_raw_nutritional_value.html?size=100+g,FALSE,FALSE,FALSE,FALSE,FALSE,FALSE,FALSE,FALSE,FALSE,FALSE,FALSE
veggies,Radish,radish,1 cup,116,https://www.nutritionvalue.org/Radishes%2C_raw_nutritional_value.html?size=100+g,FALSE,FALSE,FALSE,FALSE,FALSE,FALSE,FALSE,FALSE,FALSE,FALSE,FALSE
veggies,Spaghetti Squash,spaghetti-squash,1 cup,101,https://www.nutritionvalue.org/Squash%2C_raw%2C_spaghetti%2C_winter_nutritional_value.html?size=100+g,FALSE,FALSE,FALSE,FALSE,FALSE,FALSE,FALSE,FALSE,FALSE,FALSE,FALSE
veggies,Spinach<br>(Fresh),spinach-fresh,1 cup,30,https://www.nutritionvalue.org/Spinach%2C_raw_nutritional_value.html?size=100+g,TRUE,FALSE,FALSE,TRUE,FALSE,FALSE,FALSE,TRUE,TRUE,TRUE,TRUE
veggies,Sweet Potato,sweet-potato,1 small,130,https://www.nutritionvalue.org/Sweet_potato%2C_unprepared%2C_raw_nutritional_value.html?size=100+g,TRUE,FALSE,FALSE,FALSE,FALSE,FALSE,FALSE,TRUE,FALSE,TRUE,TRUE
veggies,Swiss Chard,swiss-chard,1 cup,36,https://www.nutritionvalue.org/Chard%2C_raw_72104100_nutritional_value.html?size=100+g,TRUE,FALSE,FALSE,FALSE,FALSE,FALSE,FALSE,FALSE,TRUE,TRUE,TRUE
veggies,Tomato,tomato,1 cup,152,https://www.nutritionvalue.org/Tomatoes%2C_raw%2C_grape_321360_nutritional_value.html?size=100+g,TRUE,FALSE,FALSE,FALSE,TRUE,FALSE,FALSE,FALSE,FALSE,TRUE,FALSE
veggies,Turnip,turnip,1 cup,133,https://www.nutritionvalue.org/Turnips%2C_raw_nutritional_value.html?size=100+g,FALSE,FALSE,FALSE,FALSE,FALSE,FALSE,FALSE,FALSE,FALSE,FALSE,FALSE
veggies,White Mushroom,mushrooms,1 cup,70,https://www.nutritionvalue.org/Mushrooms%2C_raw%2C_white_nutritional_value.html?size=100+g,TRUE,FALSE,FALSE,FALSE,FALSE,FALSE,FALSE,TRUE,FALSE,TRUE,FALSE
veggies,Yellow Squash,yellow-squash,1 cup,115,https://www.nutritionvalue.org/Summer_squash%2C_yellow%2C_raw_75128000_nutritional_value.html?size=100+g,TRUE,FALSE,FALSE,FALSE,TRUE,FALSE,FALSE,FALSE,FALSE,TRUE,FALSE
veggies,Zucchini,zucchini,1 cup,113,https://www.nutritionvalue.org/Squash%2C_raw%2C_includes_skin%2C_zucchini%2C_summer_nutritional_value.html?size=100+g,TRUE,FALSE,FALSE,FALSE,TRUE,FALSE,FALSE,FALSE,FALSE,TRUE,FALSE
fruit,Apple,apple,1 apple,157,https://www.nutritionvalue.org/Apples%2C_with_skin%2C_gala%2C_raw_nutritional_value.html?size=100+g,TRUE,FALSE,FALSE,FALSE,FALSE,FALSE,FALSE,FALSE,FALSE,TRUE,FALSE
fruit,Apricot,apricot,1 apricot,35,https://www.nutritionvalue.org/Apricots%2C_raw_nutritional_value.html?size=100%20g,TRUE,FALSE,FALSE,FALSE,FALSE,FALSE,FALSE,TRUE,FALSE,FALSE,FALSE
fruit,Avocado,avocado,1 avocado,136,https://www.nutritionvalue.org/Avocados%2C_California%2C_raw_nutritional_value.html?size=100+g,TRUE,FALSE,FALSE,FALSE,FALSE,FALSE,FALSE,TRUE,TRUE,TRUE,FALSE
fruit,Banana,banana,1 banana,110,https://www.nutritionvalue.org/Bananas%2C_raw_nutritional_value.html?size=100+g,TRUE,FALSE,FALSE,FALSE,FALSE,FALSE,FALSE,TRUE,TRUE,TRUE,FALSE
fruit,Blackberry,blackberry,1 cup,144,https://www.nutritionvalue.org/Blackberries%2C_raw_nutritional_value.html?size=100+g,FALSE,FALSE,FALSE,FALSE,FALSE,FALSE,FALSE,FALSE,FALSE,FALSE,FALSE
fruit,Blueberry,blueberries,1 cup,140,https://www.nutritionvalue.org/Blueberries%2C_raw_nutritional_value.html?size=100+g,TRUE,FALSE,FALSE,FALSE,FALSE,FALSE,FALSE,FALSE,FALSE,TRUE,FALSE
fruit,Boysenberry,boysenberry,1 cup,132,https://www.nutritionvalue.org/Boysenberries%2C_unsweetened%2C_frozen_nutritional_value.html?size=100+g,FALSE,FALSE,FALSE,FALSE,FALSE,FALSE,FALSE,FALSE,FALSE,FALSE,FALSE
fruit,Cantaloupe,cantaloupe,1 cup,156,https://www.nutritionvalue.org/Melons%2C_raw%2C_cantaloupe_nutritional_value.html?size=100%20g,TRUE,FALSE,FALSE,FALSE,TRUE,FALSE,FALSE,FALSE,FALSE,TRUE,FALSE
fruit,Cherry,cherry,1 cup,154,https://www.nutritionvalue.org/Cherries%2C_raw%2C_sweet_nutritional_value.html?size=100+g,TRUE,FALSE,FALSE,FALSE,FALSE,FALSE,FALSE,FALSE,FALSE,TRUE,FALSE
fruit,Clementine,clementine,1 medium,74,https://www.nutritionvalue.org/Clementines%2C_raw_nutritional_value.html?size=100+g,TRUE,FALSE,FALSE,FALSE,TRUE,FALSE,FALSE,FALSE,FALSE,FALSE,FALSE
fruit,Coconut,coconut,1 oz,28,https://www.nutritionvalue.org/Nuts%2C_raw%2C_coconut_meat_nutritional_value.html?size=100%20g,TRUE,FALSE,FALSE,FALSE,FALSE,FALSE,FALSE,TRUE,TRUE,TRUE,FALSE
fruit,Cranberry,cranberry,1 cup,100,https://www.nutritionvalue.org/Cranberries%2C_raw_nutritional_value.html?size=100+g,TRUE,FALSE,FALSE,FALSE,FALSE,FALSE,FALSE,FALSE,FALSE,TRUE,FALSE
fruit,Date,dates,6 Deglet Noor<br>2 Medjool,40,https://www.nutritionvalue.org/Dates%2C_deglet_noor_nutritional_value.html?size=100+g,TRUE,FALSE,FALSE,FALSE,FALSE,FALSE,FALSE,TRUE,TRUE,TRUE,TRUE
fruit,Fig (dried),fig-dried,1/4 cup,40,https://www.nutritionvalue.org/Figs%2C_uncooked%2C_dried_nutritional_value.html?size=100+g,TRUE,FALSE,FALSE,FALSE,FALSE,FALSE,FALSE,TRUE,TRUE,TRUE,TRUE
fruit,Fig (fresh),fig-fresh,1 cup,150,https://www.nutritionvalue.org/Figs%2C_raw_nutritional_value.html?size=100+g,FALSE,FALSE,FALSE,FALSE,FALSE,FALSE,FALSE,FALSE,FALSE,FALSE,FALSE
fruit,Grape,grapes,1 cup,150,https://www.nutritionvalue.org/Grapes%2C_raw%2C_muscadine_nutritional_value.html?size=100+g,TRUE,FALSE,FALSE,FALSE,FALSE,FALSE,FALSE,FALSE,FALSE,TRUE,FALSE
fruit,Grapefruit,grapefruit,1 cup,154,https://www.nutritionvalue.org/Grapefruit%2C_raw_61101010_nutritional_value.html?size=100+g,TRUE,FALSE,FALSE,FALSE,TRUE,FALSE,FALSE,FALSE,FALSE,TRUE,FALSE
fruit,Guava,guava,1 cup,55,https://www.nutritionvalue.org/Guava%2C_raw_63125010_nutritional_value.html?size=100+g,TRUE,FALSE,FALSE,FALSE,TRUE,FALSE,FALSE,TRUE,FALSE,TRUE,FALSE
fruit,Honeydew,honeydew,1 cup,170,https://www.nutritionvalue.org/Melons%2C_raw%2C_honeydew_nutritional_value.html?size=100+g,FALSE,FALSE,FALSE,FALSE,FALSE,FALSE,FALSE,FALSE,FALSE,FALSE,FALSE
fruit,Kiwi,kiwi,1 medium,69,https://www.nutritionvalue.org/Kiwifruit%2C_raw%2C_green_nutritional_value.html?size=100+g,TRUE,FALSE,FALSE,FALSE,TRUE,FALSE,FALSE,TRUE,FALSE,TRUE,FALSE
fruit,Lemon Juice,lemon-juice,1 tbsp,15,https://www.nutritionvalue.org/public_ingredient_62125.html?utm_source=share-by-url,TRUE,FALSE,FALSE,FALSE,TRUE,FALSE,FALSE,FALSE,FALSE,FALSE,FALSE
fruit,Lemon,lemon,1 medium,58,https://www.nutritionvalue.org/Lemons%2C_without_peel%2C_raw_nutritional_value.html?size=100+g,TRUE,FALSE,FALSE,FALSE,TRUE,FALSE,FALSE,FALSE,FALSE,FALSE,FALSE
fruit,Lime Juice,lime-juice,1 tbsp,15,https://www.nutritionvalue.org/public_ingredient_62127.html?utm_source=share-by-url,TRUE,FALSE,FALSE,FALSE,TRUE,FALSE,FALSE,FALSE,FALSE,FALSE,FALSE
fruit,Lime,lime,1 medium,67,https://www.nutritionvalue.org/Limes%2C_raw_nutritional_value.html?size=100+g,TRUE,FALSE,FALSE,FALSE,TRUE,FALSE,FALSE,FALSE,FALSE,FALSE,FALSE
fruit,Mandarin,mandarin,1 medium,88,https://www.nutritionvalue.org/Tangerines%2C_raw%2C_%28mandarin_oranges%29_nutritional_value.html?size=100%20g,TRUE,FALSE,FALSE,FALSE,TRUE,FALSE,FALSE,FALSE,FALSE,FALSE,FALSE
fruit,Mango,mangos,1 medium,165,https://www.nutritionvalue.org/Mangos%2C_raw_nutritional_value.html?size=100+g,TRUE,FALSE,FALSE,FALSE,TRUE,FALSE,FALSE,FALSE,FALSE,TRUE,FALSE
fruit,Olive,olives,1 tbsp,15,https://www.nutritionvalue.org/Olives%2C_green%2C_canned_or_bottled%2C_pickled_nutritional_value.html?size=100+g,FALSE,FALSE,FALSE,FALSE,FALSE,FALSE,FALSE,FALSE,FALSE,FALSE,FALSE
fruit,Orange,orange,1 medium,140,https://www.nutritionvalue.org/Oranges%2C_navels%2C_raw_nutritional_value.html?size=100+g,TRUE,FALSE,FALSE,FALSE,TRUE,FALSE,FALSE,FALSE,FALSE,TRUE,FALSE
fruit,Papaya,papaya,1 cup,145,https://www.nutritionvalue.org/Papayas%2C_raw_nutritional_value.html?size=100+g,TRUE,FALSE,FALSE,FALSE,TRUE,FALSE,FALSE,FALSE,FALSE,TRUE,FALSE
fruit,Passion Fruit,passion-fruit,1 medium,18,https://www.nutritionvalue.org/Passion_fruit%2C_raw_63134010_nutritional_value.html?size=100+g,FALSE,FALSE,FALSE,FALSE,FALSE,FALSE,FALSE,FALSE,FALSE,FALSE,FALSE
fruit,Peach,peach,1 medium,150,https://www.nutritionvalue.org/Peach%2C_raw_63135010_nutritional_value.html?size=100+g,FALSE,FALSE,FALSE,FALSE,FALSE,FALSE,FALSE,FALSE,FALSE,FALSE,FALSE
fruit,Pear,pear,1 cup,178,https://www.nutritionvalue.org/Pears%2C_raw_nutritional_value.html?size=100+g,TRUE,FALSE,FALSE,FALSE,FALSE,FALSE,FALSE,FALSE,FALSE,TRUE,FALSE
fruit,Persimmon,persimmon,1 medium,170,https://www.nutritionvalue.org/Persimmon%2C_raw_63139010_nutritional_value.html?size=100+g,FALSE,FALSE,FALSE,FALSE,FALSE,FALSE,FALSE,FALSE,FALSE,FALSE,FALSE
fruit,Pineapple,pineapple,1 cup,165,https://www.nutritionvalue.org/Pineapple%2C_all_varieties%2C_raw_nutritional_value.html?size=100+g,FALSE,FALSE,FALSE,FALSE,FALSE,FALSE,FALSE,FALSE,FALSE,FALSE,FALSE
fruit,Plum,plum,1 cup,165,https://www.nutritionvalue.org/Plums%2C_raw_nutritional_value.html?size=100+g,FALSE,FALSE,FALSE,FALSE,FALSE,FALSE,FALSE,FALSE,FALSE,FALSE,FALSE
fruit,Pomegranate,pomegranate,1/2 cup,87,https://www.nutritionvalue.org/Pomegranates%2C_raw_nutritional_value.html?size=100+g,TRUE,FALSE,FALSE,FALSE,FALSE,FALSE,FALSE,FALSE,FALSE,TRUE,FALSE
fruit,Prune,prune,1/4 cup,40,https://www.nutritionvalue.org/Plums%2C_uncooked%2C_dried_%28prunes%29_nutritional_value.html?size=100+g,TRUE,FALSE,FALSE,FALSE,FALSE,FALSE,FALSE,TRUE,FALSE,FALSE,TRUE
fruit,Raisin,raisins,1/4 cup,40,https://www.nutritionvalue.org/Raisins_62125100_nutritional_value.html?size=100+g,TRUE,FALSE,FALSE,FALSE,FALSE,FALSE,FALSE,TRUE,FALSE,TRUE,TRUE
fruit,Raspberry,raspberry,1 cup,123,https://www.nutritionvalue.org/Raspberries%2C_raw_nutritional_value.html?size=100+g,TRUE,FALSE,FALSE,FALSE,FALSE,FALSE,FALSE,FALSE,FALSE,TRUE,FALSE
fruit,Starfruit,starfruit,1 cup,132,https://www.nutritionvalue.org/Carambola%2C_raw%2C_%28starfruit%29_nutritional_value.html?size=100+g,TRUE,FALSE,FALSE,FALSE,FALSE,FALSE,FALSE,FALSE,FALSE,TRUE,FALSE
fruit,Strawberry,strawberries,1 cup,152,https://www.nutritionvalue.org/Strawberries%2C_raw_nutritional_value.html?size=100%20g,TRUE,FALSE,FALSE,FALSE,TRUE,FALSE,FALSE,FALSE,FALSE,TRUE,TRUE
fruit,Watermelon,watermelon,1 cup,152,https://www.nutritionvalue.org/Watermelon%2C_raw_nutritional_value.html?size=100+g,TRUE,FALSE,FALSE,FALSE,FALSE,FALSE,FALSE,FALSE,FALSE,TRUE,TRUE
nuts,Almonds,almonds,1 oz,28,https://www.nutritionvalue.org/Nuts%2C_almonds_nutritional_value.html?size=100+g,TRUE,FALSE,TRUE,TRUE,FALSE,FALSE,FALSE,TRUE,TRUE,TRUE,TRUE
nuts,Brazil Nuts,brazil-nuts,1 oz,28,https://www.nutritionvalue.org/Nuts%2C_unblanched%2C_dried%2C_brazilnuts_nutritional_value.html?size=100+g,TRUE,FALSE,TRUE,TRUE,FALSE,FALSE,FALSE,TRUE,TRUE,TRUE,TRUE
nuts,Cashews,cashews,1 oz,28,https://www.nutritionvalue.org/Nuts%2C_raw%2C_cashew_nuts_nutritional_value.html?size=100+g,TRUE,FALSE,TRUE,FALSE,FALSE,FALSE,FALSE,TRUE,TRUE,TRUE,TRUE
nuts,Chestnuts,chestnuts,1 oz,28,https://www.nutritionvalue.org/Chestnuts_42105000_nutritional_value.html?size=100+g,FALSE,FALSE,FALSE,FALSE,FALSE,FALSE,FALSE,FALSE,FALSE,FALSE,FALSE
seeds,Chia Seeds,chia-seeds,1 oz,28,https://www.nutritionvalue.org/Seeds%2C_dried%2C_chia_seeds_nutritional_value.html?size=100%20g,TRUE,FALSE,TRUE,TRUE,FALSE,FALSE,FALSE,FALSE,TRUE,TRUE,TRUE
nuts,Coconut,coconut,1 oz,28,https://www.nutritionvalue.org/Nuts%2C_raw%2C_coconut_meat_nutritional_value.html?size=100%20g,FALSE,FALSE,FALSE,FALSE,FALSE,FALSE,FALSE,FALSE,FALSE,FALSE,FALSE
seeds,Flax Seeds,flax-seeds,1 oz,28,https://www.nutritionvalue.org/Seeds%2C_flaxseed_nutritional_value.html?size=100+g,TRUE,FALSE,TRUE,TRUE,FALSE,FALSE,FALSE,TRUE,TRUE,TRUE,TRUE
nuts,Hazelnuts,hazelnuts,1 oz,28,https://www.nutritionvalue.org/Nuts%2C_hazelnuts_or_filberts_nutritional_value.html?size=100+g,TRUE,FALSE,FALSE,FALSE,FALSE,FALSE,FALSE,TRUE,FALSE,TRUE,TRUE
seeds,Hemp Seeds,hemp-seeds,1 oz,28,https://www.nutritionvalue.org/Seeds%2C_hulled%2C_hemp_seed_nutritional_value.html?size=100+g,TRUE,FALSE,TRUE,FALSE,FALSE,FALSE,FALSE,TRUE,TRUE,TRUE,TRUE
nuts,Macadamia Nuts,macadamia-nuts,1 oz,28,https://www.nutritionvalue.org/Nuts%2C_raw%2C_macadamia_nuts_nutritional_value.html?size=100+g,TRUE,FALSE,FALSE,FALSE,FALSE,FALSE,FALSE,FALSE,FALSE,TRUE,TRUE
nuts,Peanuts,peanuts,1 oz,28,https://www.nutritionvalue.org/Peanuts%2C_raw%2C_all_types_nutritional_value.html?size=100%20g,TRUE,FALSE,FALSE,FALSE,FALSE,FALSE,FALSE,TRUE,TRUE,TRUE,TRUE
nuts,Pecans,pecans,1 oz,28,https://www.nutritionvalue.org/Nuts%2C_pecans_nutritional_value.html?size=100+g,TRUE,FALSE,FALSE,FALSE,FALSE,FALSE,FALSE,FALSE,FALSE,TRUE,TRUE
nuts,Pine Nuts,pine-nuts,1 oz,28,https://www.nutritionvalue.org/Nuts%2C_dried%2C_pine_nuts_nutritional_value.html?size=100+g,TRUE,FALSE,TRUE,FALSE,FALSE,FALSE,FALSE,TRUE,TRUE,TRUE,TRUE
nuts,Pistachios,pistachios,1 oz,28,https://www.nutritionvalue.org/Nuts%2C_raw%2C_pistachio_nuts_nutritional_value.html?size=100+g,TRUE,FALSE,TRUE,FALSE,FALSE,FALSE,FALSE,TRUE,FALSE,TRUE,TRUE
seeds,Poppy Seeds,poppy-seeds,1 oz,28,https://www.nutritionvalue.org/Spices%2C_poppy_seed_nutritional_value.html?size=100+g,TRUE,FALSE,TRUE,TRUE,FALSE,FALSE,FALSE,FALSE,FALSE,TRUE,TRUE
seeds,Pumpkin Seeds,pumpkin-seeds,1 oz,28,https://www.nutritionvalue.org/Seeds%2C_dried%2C_pumpkin_and_squash_seed_kernels_nutritional_value.html?size=100+g,TRUE,FALSE,TRUE,FALSE,FALSE,FALSE,FALSE,TRUE,TRUE,TRUE,TRUE
seeds,Sesame Seeds,sesame-seeds,1 oz,28,https://www.nutritionvalue.org/Seeds%2C_dried%2C_whole%2C_sesame_seeds_nutritional_value.html?size=100+g,TRUE,FALSE,TRUE,TRUE,FALSE,FALSE,FALSE,TRUE,TRUE,TRUE,TRUE
seeds,Sunflower Seeds,sunflower-seeds,1 oz,28,https://www.nutritionvalue.org/Seeds%2C_dried%2C_sunflower_seed_kernels_nutritional_value.html?size=100+g,TRUE,FALSE,TRUE,FALSE,FALSE,FALSE,FALSE,TRUE,TRUE,TRUE,TRUE
nuts,Walnuts,walnuts,1 oz,28,https://www.nutritionvalue.org/Nuts%2C_english%2C_walnuts_nutritional_value.html?size=100+g,TRUE,FALSE,FALSE,FALSE,FALSE,FALSE,FALSE,FALSE,FALSE,TRUE,TRUE
grains,Amaranth,amaranth,1/4 cup,48,https://www.nutritionvalue.org/Amaranth_grain%2C_uncooked_nutritional_value.html?size=100+g,TRUE,FALSE,TRUE,FALSE,FALSE,FALSE,FALSE,TRUE,TRUE,TRUE,FALSE
grains,Barley,barley,1/4 cup,50,https://www.nutritionvalue.org/Barley%2C_raw%2C_pearled_nutritional_value.html?size=100+g,FALSE,FALSE,FALSE,FALSE,FALSE,FALSE,FALSE,FALSE,FALSE,FALSE,FALSE
grains,Brown Rice,brown-rice,1/4 cup,46,https://www.nutritionvalue.org/Rice%2C_raw%2C_long-grain%2C_brown_nutritional_value.html?size=100+g,TRUE,FALSE,TRUE,FALSE,FALSE,FALSE,FALSE,FALSE,TRUE,TRUE,TRUE
grains,Buckwheat,buckwheat,1/4 cup,43,https://www.nutritionvalue.org/Buckwheat_nutritional_value.html?size=100+g,TRUE,FALSE,TRUE,FALSE,FALSE,FALSE,FALSE,TRUE,TRUE,TRUE,FALSE
grains,Corn,corn,3 oz,85,https://www.nutritionvalue.org/Corn%2C_raw%2C_yellow%2C_sweet_nutritional_value.html?size=100+g,TRUE,FALSE,FALSE,FALSE,FALSE,FALSE,FALSE,FALSE,FALSE,TRUE,FALSE
grains,Farro,farro,1/4 cup,45,https://www.nutritionvalue.org/public_ingredient_69244.html?utm_source=share-by-url,FALSE,FALSE,FALSE,FALSE,FALSE,FALSE,FALSE,FALSE,FALSE,FALSE,FALSE
grains,Millet,millet,1/4 cup,50,https://www.nutritionvalue.org/Millet%2C_raw_nutritional_value.html?size=100+g,TRUE,FALSE,TRUE,FALSE,FALSE,FALSE,FALSE,FALSE,FALSE,TRUE,FALSE
grains,Oats,oats,1/2 cup,40,https://www.nutritionvalue.org/Cereals%2C_dry%2C_not_fortified%2C_regular_and_quick%2C_oats_nutritional_value.html?size=100+g,TRUE,FALSE,TRUE,FALSE,FALSE,FALSE,FALSE,FALSE,TRUE,TRUE,TRUE
grains,Popcorn,popcorn,3 tbsp,40,https://www.nutritionvalue.org/Popcorn%2C_unbuttered%2C_air-popped_54403010_nutritional_value.html?size=100+g,TRUE,FALSE,TRUE,FALSE,FALSE,FALSE,FALSE,FALSE,TRUE,TRUE,FALSE
grains,Quinoa,quinoa,1/4 cup,43,https://www.nutritionvalue.org/Quinoa%2C_uncooked_nutritional_value.html?size=100+g,TRUE,FALSE,TRUE,FALSE,FALSE,FALSE,FALSE,TRUE,TRUE,TRUE,TRUE
grains,Rye,rye,1/4 cup,42,https://www.nutritionvalue.org/Rye_grain_nutritional_value.html?size=100+g,TRUE,FALSE,TRUE,FALSE,FALSE,FALSE,FALSE,TRUE,FALSE,TRUE,FALSE
grains,Spelt,spelt,1/4 cup,44,https://www.nutritionvalue.org/Spelt%2C_uncooked_nutritional_value.html?size=100+g,FALSE,FALSE,FALSE,FALSE,FALSE,FALSE,FALSE,FALSE,FALSE,FALSE,FALSE
grains,Vital Wheat Gluten,vital-wheat-gluten,1/4 cup,30,https://www.nutritionvalue.org/Vital_wheat_gluten_nutritional_value.html?size=100+g,TRUE,FALSE,FALSE,FALSE,FALSE,FALSE,FALSE,FALSE,FALSE,FALSE,TRUE
grains,White Rice,white-rice,1/4 cup,49,https://www.nutritionvalue.org/Rice%2C_unenriched%2C_raw%2C_medium-grain%2C_white_nutritional_value.html?size=100+g,FALSE,FALSE,FALSE,FALSE,FALSE,FALSE,FALSE,FALSE,FALSE,FALSE,FALSE
grains,White Wheat,white-wheat,1/4 cup,31,https://www.nutritionvalue.org/Wheat_flour%2C_unenriched%2C_all-purpose%2C_white_nutritional_value.html?size=100+g,FALSE,FALSE,FALSE,FALSE,FALSE,FALSE,FALSE,FALSE,FALSE,FALSE,FALSE
grains,Whole Wheat,whole-wheat,1/4 cup,31,https://www.nutritionvalue.org/Wheat_flour%2C_whole-grain_nutritional_value.html?size=100+g,TRUE,FALSE,FALSE,FALSE,FALSE,FALSE,FALSE,FALSE,TRUE,TRUE,TRUE
grains,Wild Rice,wild-rice,1/4 cup,40,https://www.nutritionvalue.org/Wild_rice%2C_raw_nutritional_value.html?size=100+g,TRUE,FALSE,TRUE,FALSE,FALSE,FALSE,FALSE,FALSE,TRUE,TRUE,FALSE
dairy,Almond Milk,almond-milk,1 cup,240,https://www.nutritionvalue.org/public_ingredient_62195.html?utm_source=share-by-url,FALSE,FALSE,FALSE,FALSE,FALSE,FALSE,FALSE,FALSE,FALSE,FALSE,FALSE
dairy,Butter,butter,1 tbsp,14,https://www.nutritionvalue.org/Butter%2C_without_salt_nutritional_value.html?size=100+g,FALSE,FALSE,FALSE,FALSE,FALSE,FALSE,FALSE,FALSE,FALSE,FALSE,FALSE
dairy,Casein Protein Powder,casein,1 scoop,30,https://www.nutritionvalue.org/public_ingredient_51895.html?utm_source=share-by-url,TRUE,TRUE,FALSE,TRUE,FALSE,FALSE,FALSE,FALSE,FALSE,FALSE,FALSE
dairy,Cheddar Cheese,cheddar,1 oz,28,https://www.nutritionvalue.org/Cheese%2C_cheddar_nutritional_value.html?size=100+g,TRUE,TRUE,TRUE,TRUE,FALSE,TRUE,TRUE,FALSE,FALSE,FALSE,FALSE
dairy,Coconut Milk,coconut-milk,1 cup,240,https://www.nutritionvalue.org/Coconut_milk%2C_used_in_cooking_42401010_nutritional_value.html?size=100+g,FALSE,FALSE,FALSE,FALSE,FALSE,FALSE,FALSE,FALSE,FALSE,FALSE,FALSE
dairy,Cottage Cheese<br>(Nonfat),cottage-cheese,1/2 cup,113,https://www.nutritionvalue.org/public_ingredient_55741.html?utm_source=share-by-url,TRUE,TRUE,TRUE,TRUE,FALSE,TRUE,TRUE,FALSE,FALSE,FALSE,FALSE
dairy,Cottage Cheese<br>(Whole Milk),cottage-cheese-whole-milk,1/2 cup,113,https://www.nutritionvalue.org/Cottage_cheese_1028783_nutritional_value.html?size=100+g,TRUE,FALSE,FALSE,FALSE,FALSE,TRUE,FALSE,FALSE,FALSE,FALSE,FALSE
dairy,Cream Cheese,cream-cheese,1 tbsp,15,https://www.nutritionvalue.org/Cheese%2C_cream_nutritional_value.html?size=100+g,FALSE,FALSE,FALSE,FALSE,FALSE,FALSE,FALSE,FALSE,FALSE,FALSE,FALSE
dairy,Feta Cheese,feta,1 oz,28,https://www.nutritionvalue.org/Cheese%2C_feta_nutritional_value.html?size=100+g,TRUE,TRUE,FALSE,TRUE,FALSE,TRUE,TRUE,FALSE,FALSE,FALSE,FALSE
dairy,Goat Cheese,goat-cheese,1 oz,28,https://www.nutritionvalue.org/Cheese%2C_soft_type%2C_goat_nutritional_value.html?size=100+g,TRUE,TRUE,FALSE,TRUE,FALSE,FALSE,FALSE,FALSE,FALSE,FALSE,FALSE
dairy,Greek Yogurt<br>(Plain Nonfat),yogurt,3/4 cup,170,https://www.nutritionvalue.org/public_ingredient_55742.html?utm_source=share-by-url,TRUE,TRUE,TRUE,TRUE,FALSE,TRUE,FALSE,TRUE,TRUE,FALSE,FALSE
dairy,Greek Yogurt<br>(Plain Whole Milk),yogurt-whole-milk,3/4 cup,170,https://www.nutritionvalue.org/Yogurt%2C_whole_milk%2C_plain%2C_Greek_nutritional_value.html?size=100+g,TRUE,FALSE,FALSE,FALSE,FALSE,TRUE,FALSE,FALSE,FALSE,FALSE,FALSE
dairy,Kefir,kefir,1 cup,240,https://www.nutritionvalue.org/public_ingredient_60084.html?utm_source=share-by-url,FALSE,FALSE,FALSE,FALSE,FALSE,FALSE,FALSE,FALSE,FALSE,FALSE,FALSE
dairy,Milk<br>(Skim),skim-milk,1 cup,240,https://www.nutritionvalue.org/ingredient_63271.html?size=1+cup+%3D+240+g,TRUE,TRUE,TRUE,TRUE,FALSE,TRUE,FALSE,TRUE,TRUE,FALSE,FALSE
dairy,Milk<br>(Whole),whole-milk,1 cup,240,https://www.nutritionvalue.org/Milk%2C_with_added_vitamin_D%2C_3.25%25_milkfat%2C_whole_nutritional_value.html?size=100%20g,TRUE,FALSE,FALSE,FALSE,FALSE,TRUE,FALSE,FALSE,FALSE,FALSE,FALSE
dairy,Mozzarella Cheese<br>(Low Moisture<br>Part-Skim),mozzarella,1 oz,28,https://www.nutritionvalue.org/Cheese%2C_shredded%2C_part-skim%2C_low_moisture%2C_mozzarella_nutritional_value.html?size=100+g,TRUE,TRUE,TRUE,TRUE,FALSE,TRUE,TRUE,FALSE,FALSE,FALSE,FALSE
dairy,Parmesan Cheese,grated-cheese,1 oz,28,https://www.nutritionvalue.org/public_ingredient_62203.html?utm_source=share-by-url,TRUE,TRUE,TRUE,TRUE,FALSE,TRUE,TRUE,FALSE,FALSE,FALSE,FALSE
dairy,Swiss Cheese,swiss-cheese,1 oz,28,https://www.nutritionvalue.org/Cheese%2C_swiss_nutritional_value.html?size=100+g,TRUE,TRUE,FALSE,FALSE,FALSE,TRUE,FALSE,FALSE,FALSE,FALSE,FALSE
dairy,Whey Protein Powder,whey,1 scoop,30,https://www.nutritionvalue.org/public_ingredient_51894.html?utm_source=share-by-url,TRUE,TRUE,TRUE,TRUE,FALSE,FALSE,FALSE,FALSE,FALSE,FALSE,FALSE
other,100% Chocolate,unsweetened-chocolate,1 oz,28,https://www.nutritionvalue.org/Baking_chocolate%2C_squares%2C_unsweetened_nutritional_value.html?size=100+g,TRUE,FALSE,FALSE,TRUE,FALSE,FALSE,FALSE,TRUE,TRUE,TRUE,TRUE
other,Cocoa Powder,cocoa-powder,1 tbsp,5,https://www.nutritionvalue.org/Cocoa%2C_unsweetened%2C_dry_powder_nutritional_value.html?size=100+g,TRUE,FALSE,FALSE,TRUE,FALSE,FALSE,FALSE,TRUE,TRUE,TRUE,TRUE
other,Hot Sauce,hot-sauce,1 tsp,5,https://www.nutritionvalue.org/public_ingredient_62124.html?utm_source=share-by-url,FALSE,FALSE,FALSE,FALSE,FALSE,FALSE,TRUE,FALSE,FALSE,FALSE,FALSE
other,Marmite,marmite,1/2 tsp,4,https://www.nutritionvalue.org/Yeast_extract_by_MARMITE_375556_nutritional_value.html?size=100%20g,TRUE,FALSE,FALSE,FALSE,FALSE,TRUE,TRUE,FALSE,FALSE,FALSE,FALSE
other,Kimchi,kimchi,2 tbsp,30,https://www.nutritionvalue.org/Kimchi_75502520_nutritional_value.html?size=100+g,FALSE,FALSE,FALSE,FALSE,FALSE,FALSE,TRUE,FALSE,FALSE,FALSE,FALSE
other,Lemon Pepper,lemon-pepper,1 tsp,4,https://www.nutritionvalue.org/public_ingredient_58864.html,FALSE,FALSE,FALSE,FALSE,FALSE,FALSE,TRUE,FALSE,FALSE,FALSE,FALSE
other,Miso Paste,miso,1 tbsp,17,https://www.nutritionvalue.org/Miso_nutritional_value.html?size=100+g,FALSE,FALSE,FALSE,FALSE,FALSE,FALSE,TRUE,FALSE,FALSE,FALSE,FALSE
other,Mustard,mustard,1 tbsp,15,https://www.nutritionvalue.org/Mustard_75506010_nutritional_value.html?size=100+g,FALSE,FALSE,FALSE,FALSE,FALSE,FALSE,TRUE,FALSE,FALSE,FALSE,FALSE
other,Olives,olives,1 tbsp,15,https://www.nutritionvalue.org/Olives%2C_green%2C_canned_or_bottled%2C_pickled_nutritional_value.html?size=100%20g,FALSE,FALSE,FALSE,FALSE,FALSE,FALSE,TRUE,FALSE,FALSE,FALSE,FALSE
other,Nutritional Yeast,nutritional-yeast,1 tbsp,5,https://www.nutritionvalue.org/public_ingredient_58867.html?utm_source=share-by-url,TRUE,FALSE,FALSE,FALSE,FALSE,TRUE,FALSE,FALSE,FALSE,FALSE,FALSE
other,Peanut Butter,peanut-butter,2 tbsp,32,https://www.nutritionvalue.org/public_ingredient_55735.html,FALSE,FALSE,FALSE,FALSE,FALSE,FALSE,TRUE,FALSE,FALSE,FALSE,FALSE
other,Pickles,pickles,1 oz,28,https://www.nutritionvalue.org/Pickles%2C_sour%2C_cucumber_nutritional_value.html?size=100+g,FALSE,FALSE,FALSE,FALSE,FALSE,FALSE,FALSE,FALSE,FALSE,FALSE,FALSE
other,Salsa,salsa,2 tbsp,30,https://www.nutritionvalue.org/Salsa_552834_nutritional_value.html?size=100+g,FALSE,FALSE,FALSE,FALSE,FALSE,FALSE,FALSE,FALSE,FALSE,FALSE,FALSE
other,Salt,salt,1 tsp,6,https://www.nutritionvalue.org/public_ingredient_58888.html,FALSE,FALSE,FALSE,FALSE,FALSE,FALSE,TRUE,FALSE,FALSE,FALSE,FALSE
other,Sauerkraut,sauerkraut,2 tbsp,30,https://www.nutritionvalue.org/Sauerkraut%2C_solids_and_liquids%2C_canned_nutritional_value.html?size=100%20g,FALSE,FALSE,FALSE,FALSE,FALSE,FALSE,FALSE,FALSE,FALSE,FALSE,FALSE
other,Seaweed<br>(Dried),seaweed,1 tbsp,7,https://www.nutritionvalue.org/Seaweed%2C_dried%2C_spirulina_nutritional_value.html?size=100+g,FALSE,FALSE,FALSE,FALSE,FALSE,FALSE,FALSE,FALSE,FALSE,FALSE,FALSE
other,Soy Sauce<br>(Tamari Low Sodium),soy-sauce,1 tbsp,15,https://www.nutritionvalue.org/public_ingredient_58622.html,FALSE,FALSE,FALSE,FALSE,FALSE,FALSE,FALSE,FALSE,FALSE,FALSE,FALSE